{
  "version": 1,
  "author": "Divs Tadinada",
  "editor": "wokwi",
  "parts": [
    {
      "type": "wokwi-pi-pico",
      "id": "pico",
      "top": -3.15,
      "left": 70.8,
      "attrs": { "env": "micropython-20231227-v1.22.0" }
    },
    {
      "type": "wokwi-photoresistor-sensor",
      "id": "ldr1",
      "top": -64,
      "left": -152.8,
      "attrs": {}
    },
    {
      "type": "wokwi-led",
      "id": "led1",
      "top": 15.6,
      "left": -111.4,
      "attrs": { "color": "red" }
    },
    {
      "type": "wokwi-resistor",
      "id": "r1",
      "top": 167.15,
      "left": -96,
      "attrs": { "value": "1000" }
    }
  ],
  "connections": [
    [ "led1:C", "r1:1", "green", [ "v0" ] ],
    [ "ldr1:VCC", "pico:VSYS", "red", [ "h144", "v67.2" ] ],
    [ "ldr1:GND", "pico:GND.8", "black", [ "h153.6", "v66.8" ] ],
    [ "pico:GP28", "ldr1:AO", "green", [ "h58.8", "v-67.2" ] ],
    [ "led1:A", "pico:GP15", "magenta", [ "v0" ] ],
    [ "r1:2", "pico:GND.2", "green", [ "v0" ] ]
  ],
  "dependencies": {}
}